y_true,y_pred,residuals,abs_residuals,relative_error
2.0500000000000065,1.4870187,0.5629812955856388,0.5629812955856388,27.46250222368961
0.9900000000000008,1.5352826,-0.5452826118469231,0.5452826118469231,55.07905170170936
2.930000000000004,2.3476202,0.5823797512054485,0.5823797512054485,19.87644202066374
4.78999999999999,2.913565,1.8764350795745752,1.8764350795745752,39.174010011995385
1.689999999999998,2.0269861,-0.3369861221313497,0.3369861221313497,19.940007226707106
1.8500000000000023,2.550577,-0.7005769252777077,0.7005769252777077,37.86902298798415
2.089999999999994,3.5394323,-1.4494322872161924,1.4494322872161924,69.35082713953094
1.0800000000000034,1.705605,-0.625605030059811,0.625605030059811,57.926391672204545
1.1899999999999982,1.9962065,-0.8062065219879169,0.8062065219879169,67.74844722587548
1.6399999999999926,1.5753171,0.06468285560607168,0.06468285560607168,3.9440765613458515
1.4199999999999944,1.9329865,-0.5129864978790339,0.5129864978790339,36.12580970979127
3.3099999999999943,2.7060184,0.6039815521240177,0.6039815521240177,18.24717680132987
1.2400000000000029,2.6907089,-1.450708875656125,1.450708875656125,116.99265126259047
1.219999999999999,1.8044492,-0.5844492006301889,0.5844492006301889,47.905672182802405
1.0999999999999963,2.5992408,-1.4992407798767127,1.4992407798767127,136.29461635242887
1.529999999999999,1.9804484,-0.4504483652114879,0.4504483652114879,29.441069621665893
1.6299999999999968,2.6863682,-1.056368227005008,1.056368227005008,64.80786668742394
2.569999999999994,2.621992,-0.05199211120606062,0.05199211120606062,2.0230393465393286
1.689999999999998,2.68218,-0.9921799278259298,0.9921799278259298,58.70887146899
1.1999999999999966,1.3412709,-0.14127092361450533,0.14127092361450533,11.772576967875477
5.210000000000012,2.032117,3.177883110046399,3.177883110046399,60.9958370450363
0.8499999999999972,3.688482,-2.8384820461273224,2.8384820461273224,333.9390642502743
5.200000000000016,2.3164184,2.883581590652482,2.883581590652482,55.45349212793217
3.54,2.7839832,0.7560167694091797,0.7560167694091797,21.35640591551355
1.8700000000000032,2.3798647,-0.5098646926879851,0.5098646926879851,27.265491587592738
2.8500000000000094,2.7734182,0.07658181190491664,0.07658181190491664,2.6870811194707507
2.4499999999999926,3.016348,-0.5663478851318433,0.5663478851318433,23.11624020946306
2.149999999999995,1.7619735,0.388026499748225,0.388026499748225,18.04774417433609
1.5800000000000034,1.8269438,-0.2469437551498379,0.2469437551498379,15.629351591761859
1.6399999999999926,2.100496,-0.46049605369568614,0.46049605369568614,28.07902766437123
1.990000000000005,2.935608,-0.9456079101562449,0.9456079101562449,47.51798543498706
1.300000000000004,2.1862435,-0.8862435340881307,0.8862435340881307,68.17257954524061
1.5500000000000052,2.0192025,-0.4692024707794138,0.4692024707794138,30.271127147058852
1.0999999999999963,1.7558419,-0.6558418512344397,0.6558418512344397,59.62198647585836
1.8700000000000032,2.3056827,-0.4356826591491667,0.4356826591491667,23.298537922415292
1.1100000000000043,1.6263372,-0.5163371706008868,0.5163371706008868,46.51686221629593
1.0699999999999956,1.4691746,-0.39917462348938426,0.39917462348938426,37.30603957844728
1.0,1.4178932,-0.4178931713104248,0.4178931713104248,41.78931713104248
1.7900000000000025,2.8042002,-1.014200172424314,1.014200172424314,56.65922750973813
3.209999999999996,2.6172707,0.5927292919158895,0.5927292919158895,18.465086975572905
1.910000000000004,1.6796464,0.23035362720489894,0.23035362720489894,12.060399330099395
1.1299999999999972,1.6403115,-0.5103114795684842,0.5103114795684842,45.160307926414646
2.6499999999999915,1.8709551,0.779044890403739,0.779044890403739,29.397920392594017
3.170000000000001,2.2831151,0.8868848514556893,0.8868848514556893,27.977440109012274
1.560000000000002,2.0810125,-0.521012487411497,0.521012487411497,33.39823637253181
1.8600000000000083,2.010757,-0.15075696945189598,0.15075696945189598,8.10521341139222
1.0900000000000027,1.3892734,-0.2992734050750705,0.2992734050750705,27.456275694960524
1.1999999999999966,1.4108003,-0.21080033779144625,0.21080033779144625,17.566694815953905
1.219999999999999,2.503184,-1.2831840801239023,1.2831840801239023,105.17902296097567
4.713084663428889,3.8065436,0.9065410747905833,0.9065410747905833,19.234559519477244
2.7599999999999936,1.9466288,0.8133711910247738,0.8133711910247738,29.46997068930347
1.7299999999999995,2.1683161,-0.43831612586975144,0.43831612586975144,25.336192246806448
3.450000000000005,2.2013416,1.2486583709716848,1.2486583709716848,36.19299626004878
1.2400000000000029,1.8792328,-0.6392327642440767,0.6392327642440767,51.551029374522194
1.6800000000000053,1.8435234,-0.1635233831405587,0.1635233831405587,9.733534710747511
1.0900000000000027,1.4851953,-0.3951952791213962,0.3951952791213962,36.25644762581607
1.0600000000000018,1.4666995,-0.4066994810104352,0.4066994810104352,38.36787556702212
1.0399999999999994,1.9786323,-0.9386323308944708,0.9386323308944708,90.25310873985302
2.470000000000012,1.9643562,0.5056438159942749,0.5056438159942749,20.471409554423982
1.720000000000004,1.3296311,0.3903689098358194,0.3903689098358194,22.69586685091968
1.7799999999999951,2.003931,-0.22393104553223142,0.22393104553223142,12.58039581641753
3.4199999999999977,1.8652208,1.5547792148590065,1.5547792148590065,45.46138055143297
1.5699999999999947,2.3459828,-0.7759827899932914,0.7759827899932914,49.42565541358561
1.0399999999999994,1.9203542,-0.8803542470932013,0.8803542470932013,84.64944683588479
4.429999999999986,3.048326,1.3816739845275743,1.3816739845275743,31.189028996107865
3.3649944506111145,3.4602823,-0.09528787513351444,0.09528787513351444,2.8317394436180803
1.1100000000000043,1.5748094,-0.4648094320297198,0.4648094320297198,41.8747236062809
1.3899999999999937,2.2552276,-0.8652275657653872,0.8652275657653872,62.24658746513605
1.8799999999999968,2.0913322,-0.21133219718933427,0.21133219718933427,11.241074318581628
1.660000000000001,2.242366,-0.582366075515746,0.582366075515746,35.08229370576782
1.1200000000000028,1.4114748,-0.2914748239517184,0.2914748239517184,26.024537852831937
1.8199999999999947,2.3914258,-0.5714258480072074,0.5714258480072074,31.397024615780715
2.58999999999999,2.3076665,0.28233345985411606,0.28233345985411606,10.900905785873249
1.169999999999996,1.7457498,-0.5757498311996501,0.5757498311996501,49.209387282021545
1.340000000000003,1.9780613,-0.638061318397519,0.638061318397519,47.61651629832221
1.7400000000000044,2.3552701,-0.615270147323604,0.615270147323604,35.360353294459905
2.779999999999988,2.4901106,0.2898893642425415,0.2898893642425415,10.427674972753339
1.2700000000000038,1.9363925,-0.6663925457000694,0.6663925457000694,52.4718539921313
2.800000000000008,2.0872505,0.7127495288848955,0.7127495288848955,25.455340317317628
1.1299999999999972,1.4946765,-0.36467647075653353,0.36467647075653353,32.27225404925084
1.3300000000000052,2.9287896,-1.5987896156310983,1.5987896156310983,120.20974553617233
1.8199999999999947,1.648082,0.17191798210143516,0.17191798210143516,9.446042972606355
2.970000000000013,3.2861466,-0.3161466407775748,0.3161466407775748,10.644668039648938
2.180000000000005,3.196206,-1.0162060928344676,1.0162060928344676,46.614958386902074
1.7099999999999989,1.690487,0.01951297283172493,0.01951297283172493,1.141109522323096
1.7900000000000025,1.7433727,0.04662732124328861,0.04662732124328861,2.6048782817479634
1.3899999999999937,1.6910385,-0.30103848934174215,0.30103848934174215,21.657445276384426
1.1500000000000037,1.5191135,-0.3691135406494104,0.3691135406494104,32.09682962168775
1.4900000000000038,1.9436593,-0.453659305572506,0.453659305572506,30.446933259899655
1.6399999999999926,2.545535,-0.9055350875854566,0.9055350875854566,55.21555412106468
2.209999999999994,2.5391011,-0.32910112380982026,0.32910112380982026,14.891453566055254
3.370000000000004,3.6064231,-0.23642313957213945,0.23642313957213945,7.015523429440332
1.0999999999999963,1.589116,-0.48911597728729617,0.48911597728729617,44.4650888442998
1.5,1.6231638,-0.12316381931304932,0.12316381931304932,8.210921287536621
1.4399999999999984,1.3074859,0.1325140619277938,0.1325140619277938,9.202365411652359
4.127882382633886,3.6494741,0.47840823865195237,0.47840823865195237,11.589677086358586
2.160000000000007,1.7031586,0.4568413829803535,0.4568413829803535,21.15006402686815
1.92,1.6408434,0.2791566085815429,0.2791566085815429,14.539406696955359
1.9300000000000053,2.09045,-0.16045004844665,0.16045004844665,8.31347401277977
2.1100000000000088,2.7844546,-0.6744545841216953,0.6744545841216953,31.96467223325557
3.2900000000000027,2.507943,0.7820570850372341,0.7820570850372341,23.770732068001017
2.0400000000000045,2.798681,-0.7586810207366899,0.7586810207366899,37.19024611454354
1.4399999999999984,1.6430666,-0.2030666446685807,0.2030666446685807,14.10185032420701
4.75,3.0724027,1.6775972843170166,1.6775972843170166,35.31783756456877
1.5099999999999962,1.8265439,-0.31654392719269175,0.31654392719269175,20.96317398627103
1.280000000000001,3.1746986,-1.894698591232299,1.894698591232299,148.02332744002325
2.310000000000002,1.7194393,0.5905607318878192,0.5905607318878192,25.565399648823323
2.0400000000000045,1.9105052,0.12949482440948934,0.12949482440948934,6.3477855102690715
1.219999999999999,2.1691492,-0.9491491603851328,0.9491491603851328,77.79911150697816
1.6500000000000004,1.3087877,0.34121229648590123,0.34121229648590123,20.679533120357647
1.4300000000000048,1.7996908,-0.3696908426284742,0.3696908426284742,25.85250647751559
2.0500000000000065,1.66566,0.38433997631073646,0.38433997631073646,18.74829152735294
1.169999999999996,1.756811,-0.586811022758488,0.586811022758488,50.154788269956406
1.6699999999999977,2.3715851,-0.7015851306915306,0.7015851306915306,42.011085670151594
1.939999999999998,1.975187,-0.03518694400787559,0.03518694400787559,1.81376000040596
2.240000000000005,2.7296197,-0.48961974143981424,0.48961974143981424,21.85802417142023
1.1299999999999972,1.8822194,-0.7522194337844876,0.7522194337844876,66.56809148535305
3.820000000000008,2.9307272,0.8892727565765459,0.8892727565765459,23.279391533417385
3.690000000000011,3.441,0.2490000152588001,0.2490000152588001,6.747967893192394
1.5,1.6939132,-0.19391322135925293,0.19391322135925293,12.927548090616861
3.3000000000000007,3.3577697,-0.05776972770690847,0.05776972770690847,1.7505978093002563
4.019999999999999,3.7609794,0.25902058601379263,0.25902058601379263,6.443298159547083
2.4200000000000035,1.851739,0.5682609510421788,0.5682609510421788,23.481857481081732
3.9099999999999993,2.6522896,1.2577103710174553,1.2577103710174553,32.166505652620344
1.660000000000001,3.0948036,-1.4348035717010488,1.4348035717010488,86.43395010247276
3.440000000000008,1.8346808,1.6053192043304523,1.6053192043304523,46.66625593983862
1.959999999999996,2.4068503,-0.44685033798218177,0.44685033798218177,22.798486631744012
1.3100000000000018,1.840508,-0.5305079841613751,0.5305079841613751,40.49679268407438
1.4300000000000048,1.7624389,-0.33243889331817145,0.33243889331817145,23.247475057214707
1.660000000000001,1.8213373,-0.16133734226226704,0.16133734226226704,9.71911700375102
1.340000000000003,1.6013588,-0.26135877132415475,0.26135877132415475,19.504385919712995
1.560000000000002,1.9745045,-0.41450447082519326,0.41450447082519326,26.570799411871327
1.0399999999999994,1.7854841,-0.7454840755462653,0.7454840755462653,71.68116111021786
2.8899999999999904,2.7136052,0.17639483451842297,0.17639483451842297,6.103627491986974
2.0,1.7440321,0.2559678554534912,0.2559678554534912,12.79839277267456
1.7599999999999956,2.0089035,-0.24890350341797318,0.24890350341797318,14.142244512384874
1.2100000000000015,1.4129643,-0.20296434402465668,0.20296434402465668,16.77391272931045
1.9300000000000053,1.6622097,0.2677902507782035,0.2677902507782035,13.87514252736802
2.699999999999992,1.8700933,0.8299066543579023,0.8299066543579023,30.737283494737213
2.677128644146112,1.9960209,0.6811077310220277,0.6811077310220277,25.441725877139216
1.3300000000000052,1.425804,-0.09580401897429902,0.09580401897429902,7.203309697315688
2.399999999999993,2.197909,0.2020908832549977,0.2020908832549977,8.420453468958263
1.6100000000000074,2.3989694,-0.7889694118499682,0.7889694118499682,49.00431129502885
2.0500000000000065,2.3723629,-0.32236285209655113,0.32236285209655113,15.725017175441469
4.281441191316665,2.9768772,1.3045639787922507,1.3045639787922507,30.470206654667614
1.1200000000000028,1.2402561,-0.12025607109069547,0.12025607109069547,10.737149204526354
1.6999999999999944,1.7738652,-0.0738652229309138,0.0738652229309138,4.345013113583178
2.360000000000009,1.8538079,0.5061920738220307,0.5061920738220307,21.448816687374098
5.174854368932777,1.8178363,3.3570180842953254,3.3570180842953254,64.87174024546805
3.1000000000000103,1.8261935,1.2738065481186016,1.2738065481186016,41.090533810277336
4.509999999999993,3.937121,0.5728790855407642,0.5728790855407642,12.702418748132263
2.339999999999992,2.3142068,0.02579316139220378,0.02579316139220378,1.1022718543676866
1.5500000000000052,2.435163,-0.8851630210876413,0.8851630210876413,57.10729168307345
1.0999999999999963,1.9449273,-0.8449273347854651,0.8449273347854651,76.81157588958798
1.2299999999999964,1.8572974,-0.6272974205017126,0.6272974205017126,50.999790284692224
2.220000000000009,2.8460822,-0.6260822105407624,0.6260822105407624,28.2019013757099
0.860000000000002,2.7193527,-1.8593527221679667,1.8593527221679667,216.20380490325144
2.180000000000005,1.6363873,0.5436126518249562,0.5436126518249562,24.93636017545665
2.3500000000000068,2.680026,-0.33002605438231747,0.33002605438231747,14.043661888609213
1.169999999999996,1.4708818,-0.3008818197250407,0.3008818197250407,25.716394848294165
1.340000000000003,1.947697,-0.6076970434188813,0.6076970434188813,45.350525628274625
1.25,1.2965044,-0.04650437831878662,0.04650437831878662,3.7203502655029292
1.2700000000000038,1.9930923,-0.7230922985076866,0.7230922985076866,56.93640145729799
1.0399999999999994,1.52079,-0.48078998088836733,0.48078998088836733,46.229805854650735
3.48998612075,3.770606,-0.28061992020459003,0.28061992020459003,8.040717369508755
3.5899999999999976,2.316572,1.273428049087522,1.273428049087522,35.47153340076665
1.689999999999998,3.0061154,-1.3161154365539571,1.3161154365539571,77.8766530505301
1.8799999999999968,2.2456017,-0.3656016540527376,0.3656016540527376,19.446896492166925
3.874999999999996,2.8462958,1.0287041664123495,1.0287041664123495,26.547204294512273
3.87,1.8140488,2.0559512329101564,2.0559512329101564,53.12535485555959
1.169999999999996,1.5067108,-0.33671076774597575,0.33671076774597575,28.778698097946748
2.3199999999999945,2.7534375,-0.4334375190734918,0.4334375190734918,18.682651684202277
1.2700000000000038,2.9660141,-1.6960141468048058,1.6960141468048058,133.54442100825204
2.430000000000005,1.6407193,0.7892807054519704,0.7892807054519704,32.48068746715921
3.830000000000007,3.162516,0.6674838829040599,0.6674838829040599,17.42777762151589
2.490000000000006,3.0305932,-0.5405931568145692,0.5405931568145692,21.710568546769796
1.280000000000001,1.4511024,-0.17110237598419098,0.17110237598419098,13.367373123764912
1.1299999999999972,2.3457003,-1.2157002639770536,1.2157002639770536,107.58409415726165
2.509999999999994,2.0698125,0.44018746376037,0.44018746376037,17.537349153799642
3.269999999999992,1.7159631,1.5540368747711102,1.5540368747711102,47.52406344865792
1.1100000000000043,1.9587559,-0.8487558507919268,0.8487558507919268,76.46449106233545
2.1299999999999963,1.9224972,0.2075028467178308,0.2075028467178308,9.741917686283154
1.6399999999999926,1.5771718,0.06282819747924062,0.06282819747924062,3.830987651173226
2.2900000000000063,1.9498608,0.34013918876648574,0.34013918876648574,14.853239684125974
1.5999999999999988,1.7035731,-0.10357310771942263,0.10357310771942263,6.47331923246392
1.8300000000000007,1.9688454,-0.1388453674316399,0.1388453674316399,7.5871785481770395
3.1000000000000103,2.4103932,0.6896067619323833,0.6896067619323833,22.245379417173584
2.5199999999999947,2.5607264,-0.04072640419006879,0.04072640419006879,1.6161271503995587
0.96,1.3200055,-0.3600055360794068,0.3600055360794068,37.50057667493821
3.6399999999999895,2.2310042,1.4089957618713274,1.4089957618713274,38.70867477668493
0.9399999999999984,1.5641698,-0.6241697645187394,0.6241697645187394,66.40103877858941
1.280000000000001,1.305259,-0.02525898933410553,0.02525898933410553,1.9733585417269932
3.410041637750001,2.6281989,0.7818427756741952,0.7818427756741952,22.92766067777599
3.3399999999999954,2.960596,0.37940391540526885,0.37940391540526885,11.359398664828424
2.579999999999996,2.2272756,0.3527243900299033,0.3527243900299033,13.671487985655187
2.310000000000002,1.9532363,0.3567636585235614,0.3567636585235614,15.444314221799182
2.019999999999998,2.4586852,-0.43868515968322974,0.43868515968322974,21.7170871130312
1.5699999999999947,2.1349115,-0.5649115371704154,0.5649115371704154,35.98162657136416
3.1499999999999893,2.9458556,0.2041443824767959,0.2041443824767959,6.4807740468824315
1.8999999999999968,1.7653406,0.13465943336486497,0.13465943336486497,7.0873385981508
1.0900000000000027,2.5396469,-1.4496468639373752,1.4496468639373752,132.99512513186895
2.0299999999999927,2.1894844,-0.1594843578338696,0.1594843578338696,7.8563723070872005
1.990000000000005,2.736807,-0.7468071079254099,0.7468071079254099,37.52799537313608
1.0900000000000027,1.4131932,-0.32319322586059296,0.32319322586059296,29.650754666109368
3.9907756232666656,3.3132296,0.6775460624146148,0.6775460624146148,16.977803975358725
1.6100000000000074,2.2917619,-0.6817618751525805,0.6817618751525805,42.345458084011014
1.980000000000001,2.048893,-0.06889297485351453,0.06889297485351453,3.4794431744199237
2.5,2.0538642,0.4461357593536377,0.4461357593536377,17.845430374145508
1.0399999999999994,2.0922706,-1.0522706127166754,1.0522706127166754,101.1798666073727
1.7599999999999956,1.7488397,0.011160264015193322,0.011160264015193322,0.6341059099541677
1.6299999999999968,2.3509562,-0.7209562015533479,0.7209562015533479,44.230441813088916
1.409999999999997,1.9230056,-0.5130055809021026,0.5130055809021026,36.38337453206409
1.0,1.7361606,-0.7361606359481812,0.7361606359481812,73.61606359481812
2.459999999999993,1.6839553,0.7760446882247853,0.7760446882247853,31.546532041658033
2.490000000000006,1.9596162,0.5303838157653868,0.5303838157653868,21.300554850015484
1.460000000000002,2.4287028,-0.9687028312683086,0.9687028312683086,66.34950899097996
3.899999999999996,3.3151405,0.5848595142364461,0.5848595142364461,14.99639780093453
1.2100000000000015,1.7319088,-0.5219087982177719,0.5219087982177719,43.13295853039432
4.120000000000004,2.8303094,1.2896906089782751,1.2896906089782751,31.30317012083189
3.769999999999991,2.9297233,0.8402767372131259,0.8402767372131259,22.288507618385356
1.0900000000000027,1.4339954,-0.34399536609649384,0.34399536609649384,31.55920789876082
2.199999999999993,2.528189,-0.32818894386292197,0.32818894386292197,14.917679266496501
1.6399999999999926,1.7064897,-0.06648968219757823,0.06648968219757823,4.054248914486496
1.980000000000001,2.2635856,-0.28358556747436414,0.28358556747436414,14.32250340779616
4.769999999999989,2.7156126,2.0543873500823864,2.0543873500823864,43.06891719250296
1.660000000000001,1.8546596,-0.19465955734252827,0.19465955734252827,11.726479357983623
1.9300000000000053,2.773335,-0.8433349800109811,0.8433349800109811,43.69611295393672
4.029999999999983,2.2678182,1.762181787490828,1.762181787490828,43.726595223097654
2.019999999999998,1.6347208,0.3852791976928689,0.3852791976928689,19.073227608557886
1.7599999999999956,2.2832568,-0.5232567691803023,0.5232567691803023,29.730498248880888
2.699999999999992,2.132523,0.5674769401550215,0.5674769401550215,21.01766445018604
1.1399999999999952,1.82643,-0.6864299631118822,0.6864299631118822,60.213154658937285
1.340000000000003,2.3637176,-1.023717555999753,1.023717555999753,76.39683253729483
1.8300000000000007,1.8143384,0.01566155433654859,0.01566155433654859,0.8558226413414525
1.800000000000006,1.9391757,-0.1391757249832093,0.1391757249832093,7.73198472128938
3.620000000000004,2.9798114,0.6401885700225871,0.6401885700225871,17.684767127695757
2.800000000000008,2.6114588,0.18854122161866016,0.18854122161866016,6.733615057809272
1.970000000000007,2.2767022,-0.3067021656036306,0.3067021656036306,15.568637847899975
1.3300000000000052,2.0812492,-0.7512492370605417,0.7512492370605417,56.48490504214577
2.0,2.70157,-0.7015700340270996,0.7015700340270996,35.07850170135498
1.1299999999999972,1.5728734,-0.44287335395813265,0.44287335395813265,39.1923322086844
1.59,1.3768338,0.2131662034988404,0.2131662034988404,13.406679465335875
2.0699999999999945,2.547044,-0.4770440387725885,0.4770440387725885,23.04560573780627
1.1899999999999982,2.2024932,-1.0124931907653827,1.0124931907653827,85.08346140885583
2.1000000000000045,3.4274318,-1.3274318218231156,1.3274318218231156,63.211039134433946
4.549999999999988,3.3998127,1.1501873016357305,1.1501873016357305,25.27884179419194
1.300000000000004,2.0499732,-0.7499732494354208,0.7499732494354208,57.690249956570646
1.7400000000000044,1.6920943,0.04790567398071732,0.04790567398071732,2.7531996540642067
3.820000000000008,3.8285336,-0.008533649444572244,0.008533649444572244,0.22339396451759755
1.6399999999999926,2.0412636,-0.40126358032227305,0.40126358032227305,24.46729148306554
2.920000000000004,2.1219897,0.7980102729797403,0.7980102729797403,27.3291189376623
3.1100000000000105,2.693653,0.4163468933105574,0.4163468933105574,13.387359913522701
1.6999999999999944,1.7735356,-0.07353560924530589,0.07353560924530589,4.325624073253302
2.58999999999999,1.9126631,0.6773368978500267,0.6773368978500267,26.15200377799341
1.25,1.8571905,-0.6071904897689819,0.6071904897689819,48.575239181518555
1.689999999999998,2.2648444,-0.5748444175720235,0.5748444175720235,34.014462578226286
1.7900000000000025,1.5973631,0.19263688564300785,0.19263688564300785,10.7618371867602
1.2599999999999971,2.7109036,-1.4509036445617705,1.4509036445617705,115.15108290172809
2.1299999999999963,2.5403595,-0.41035949707031616,0.41035949707031616,19.265704087808302
1.6399999999999926,2.749355,-1.1093550777435377,1.1093550777435377,67.64360230143554
2.879999999999997,2.0452433,0.8347567367553679,0.8347567367553679,28.984608915116972
1.689999999999998,1.5482589,0.14174109935760293,0.14174109935760293,8.387047299266456
1.7599999999999956,1.9685597,-0.20855974197388139,0.20855974197388139,11.849985339425109
1.910000000000004,2.4500706,-0.540070619583126,0.540070619583126,28.275948669273554
1.75,2.5322154,-0.7822153568267822,0.7822153568267822,44.69802039010184
4.730000000000011,2.3870683,2.342931728363048,2.342931728363048,49.533440345941706
1.92,2.0161242,-0.09612424850463874,0.09612424850463874,5.006471276283269
2.089999999999994,1.8147321,0.27526792526244526,0.27526792526244526,13.170714127389763
2.5,2.022878,0.47712206840515137,0.47712206840515137,19.084882736206055
4.92138632162778,1.9671236,2.954262693965121,2.954262693965121,60.02907516083761
1.3899999999999937,1.8775687,-0.48756872177124655,0.48756872177124655,35.07688645836322
1.4399999999999984,2.1276727,-0.6876726722717301,0.6876726722717301,47.75504668553687
1.959999999999996,2.1185858,-0.1585858249664347,0.1585858249664347,8.091113518695664
3.029999999999986,3.2186568,-0.18865677833558525,0.18865677833558525,6.226296314705813
2.300000000000008,1.6360846,0.663915443420418,0.663915443420418,28.8658888443659
1.1399999999999952,2.004754,-0.8647540664672899,0.8647540664672899,75.85561986555206
2.430000000000005,2.1731176,0.2568823623657277,0.2568823623657277,10.57129063233445
3.190000000000004,2.6997793,0.49022072792053617,0.49022072792053617,15.367420937947823
3.129999999999996,2.075449,1.0545510101318318,1.0545510101318318,33.691725563317355
1.25,1.3326744,-0.08267438411712646,0.08267438411712646,6.613950729370117
2.189999999999998,3.0889976,-0.8989976024627704,0.8989976024627704,41.050118833916486
1.9300000000000053,2.794059,-0.8640590381622262,0.8640590381622262,44.76989835037429
1.7599999999999956,2.340598,-0.5805981063842818,0.5805981063842818,32.988528771834275
1.3700000000000032,1.5958781,-0.22587812423705733,0.22587812423705733,16.48745432387276
0.9399999999999984,2.4180012,-1.4780011749267594,1.4780011749267594,157.2341675454002
1.3100000000000018,3.1923742,-1.8823742294311505,1.8823742294311505,143.69268926955328
1.529999999999999,2.2806373,-0.7506372642517101,0.7506372642517101,49.06125910141899
4.379999999999996,2.2071655,2.172834520339962,2.172834520339962,49.608094071688676
2.0799999999999987,1.7064749,0.37352509975433223,0.37352509975433223,17.95793748818906
2.8500000000000094,2.746988,0.10301194190979945,0.10301194190979945,3.614454102098214
3.1499999999999893,2.8039055,0.3460945129394424,0.3460945129394424,10.98712739490297
1.1899999999999982,1.6243331,-0.43433314323425476,0.43433314323425476,36.49858346506348
1.7799999999999951,1.9393599,-0.15935990333557615,0.15935990333557615,8.95280355817846
1.8999999999999968,1.8538364,0.04616358280181565,0.04616358280181565,2.4296622527271436
1.400000000000004,1.9407461,-0.5407460689544639,0.5407460689544639,38.624719211033025
2.75,2.8979678,-0.14796781539916992,0.14796781539916992,5.380647832697088
2.060000000000002,2.3447957,-0.2847957038879376,0.2847957038879376,13.825034169317348
4.0900000000000025,3.1643374,0.9256626033782984,0.9256626033782984,22.632337490911926
1.3199999999999952,2.1130242,-0.7930242347717333,0.7930242347717333,60.07759354331335
4.2600000000000025,2.6218555,1.638144502639773,1.638144502639773,38.45409630609794
2.1399999999999912,2.1841316,-0.04413162231446188,0.04413162231446188,2.062225341797293
3.6799999999999935,1.9328637,1.7471362876892025,1.7471362876892025,47.476529556771894
1.810000000000002,1.4429793,0.36702066421508994,0.36702066421508994,20.277384763264614
3.269999999999992,2.9776523,0.2923476886749188,0.2923476886749188,8.94029628975289
1.169999999999996,3.1863697,-2.0163696575164836,2.0163696575164836,172.3392869672214
3.6799999999999935,2.1302717,1.5497283267974789,1.5497283267974789,42.11218279340982
4.200000000000009,3.4644,0.7355999469757171,0.7355999469757171,17.51428445180275
3.199999999999997,1.8780584,1.3219415664672822,1.3219415664672822,41.310673952102604
3.960000000000004,1.6820639,2.277936062812809,2.277936062812809,57.52363794981835
1.1500000000000037,1.6297076,-0.47970757484435667,0.47970757484435667,41.71370216037871
1.1399999999999952,2.1258833,-0.985883340835576,0.985883340835576,86.48099481013861
2.019999999999998,2.6317747,-0.6117746639251731,0.6117746639251731,30.285874451741275
2.810000000000002,3.1708825,-0.36088246345519837,0.36088246345519837,12.842792293779294
1.9300000000000053,2.1148226,-0.18482262611388633,0.18482262611388633,9.576301871185795
2.060000000000002,2.3501205,-0.2901205444335919,0.2901205444335919,14.083521574446198
1.7599999999999956,1.8975033,-0.13750325679779496,0.13750325679779496,7.812685045329279
3.230000000000008,2.0233827,1.2066173362732013,1.2066173362732013,37.3565738784272
1.800000000000006,3.0034957,-1.203495693206781,1.203495693206781,66.86087184482095
1.300000000000004,1.8961685,-0.5961684703826864,0.5961684703826864,45.85911310636035
3.4987014428416616,2.2109318,1.28776966488756,1.28776966488756,36.8070750227155
2.5299999999999887,2.9517417,-0.42174169540406403,0.42174169540406403,16.66963222940972
2.240000000000005,1.7043908,0.5356092357635549,0.5356092357635549,23.911126596587216
1.0600000000000018,1.7736003,-0.7136003398895245,0.7136003398895245,67.3207867820305
1.7400000000000044,1.7138195,0.026180496215824745,0.026180496215824745,1.5046262193002689
1.8799999999999968,2.3756459,-0.49564587593078935,0.49564587593078935,26.364142336744163
1.4499999999999953,2.4193692,-0.9693692207336473,0.9693692207336473,66.853049705769
1.0500000000000025,1.389813,-0.3398129463195776,0.3398129463195776,32.3631377447216
1.6800000000000053,2.0314503,-0.35145027160644005,0.35145027160644005,20.919659024192793
2.7599999999999936,2.640804,0.1191959476470883,0.1191959476470883,4.318693755329297
2.180000000000005,2.2584145,-0.0784145069122264,0.0784145069122264,3.5969957299186337
1.4499999999999953,1.4462042,0.003795814514155449,0.003795814514155449,0.2617803113210663
1.8700000000000032,2.783456,-0.9134560871124235,0.9134560871124235,48.84791909692096
4.360000000000011,2.780163,1.579836950302135,1.579836950302135,36.23479243812227
1.3199999999999952,1.9883356,-0.66833560943604,0.66833560943604,50.63148556333654
1.0999999999999963,1.5527272,-0.45272722244263064,0.45272722244263064,41.15702022205747
1.2400000000000029,3.3664968,-2.12649680137634,2.12649680137634,171.4916775303496
4.66,2.4833684,2.176631603240967,2.176631603240967,46.7088326875744
1.2100000000000015,1.2703568,-0.06035677433013764,0.06035677433013764,4.988163167779964
2.75,3.6352503,-0.8852503299713135,0.8852503299713135,32.190921089865945
2.0799999999999987,2.2223184,-0.14231841087341435,0.14231841087341435,6.842231291991078
1.4799999999999964,1.9604871,-0.4804871273040807,0.4804871273040807,32.465346439464994
1.340000000000003,2.0653076,-0.725307617187497,0.725307617187497,54.12743411846981
1.8799999999999968,2.544032,-0.6640320968627962,0.6640320968627962,35.320856216106236
1.300000000000004,3.8369143,-2.536914300918575,2.536914300918575,195.14725391681284
1.6100000000000074,1.5773673,0.03263269424439219,0.03263269424439219,2.026875418906338
1.4399999999999984,1.9506519,-0.5106518840789811,0.5106518840789811,35.46193639437373
1.1399999999999952,1.8169405,-0.6769405460357714,0.6769405460357714,59.38074965226089
1.5399999999999994,2.2284245,-0.6884245491027838,0.6884245491027838,44.70289279888209
4.502385575589445,2.9331255,1.5692600796788003,1.5692600796788003,34.85396915330503
3.54,3.1456323,0.394367733001709,0.394367733001709,11.140331440726243
1.1200000000000028,1.4332268,-0.3132268238067599,0.3132268238067599,27.966680697032064
1.1800000000000046,1.4418058,-0.2618058395385696,0.2618058395385696,22.186935554115983
2.540000000000008,2.0858314,0.4541685962677082,0.4541685962677082,17.88065339636641
1.5399999999999994,2.7524734,-1.2124733543396002,1.2124733543396002,78.73203599607797
1.0600000000000018,1.3319157,-0.27191573619842346,0.27191573619842346,25.652427943247453
1.5999999999999988,2.3686774,-0.7686773777008069,0.7686773777008069,48.04233610630047
2.1000000000000045,2.3412676,-0.24126758575439,0.24126758575439,11.488932654970927
1.4399999999999984,1.3494108,0.09058922767639,0.09058922767639,6.290918588638202
1.409999999999997,1.7229297,-0.31292971611023246,0.31292971611023246,22.193596887250575
3.0799999999999987,1.8204038,1.2595961856842028,1.2595961856842028,40.89598005468193
1.5500000000000052,1.7855675,-0.23556752204894504,0.23556752204894504,15.197904648318985
5.279999999999981,3.8730016,1.40699842453001,1.40699842453001,26.647697434280587
2.170000000000002,1.9263804,0.24361960411071992,0.24361960411071992,11.226709866853442
3.928548770817775,2.1393437,1.789205032261867,1.789205032261867,45.54366349102043
